{
  "datetime": "2022-06-17 07:21:54",
  "metrics": [
    [
      1024,
      409.0732563298993,
      2.5032191280042753
    ],
    [
      2048,
      1329.9579433610272,
      1.5398983180057257
    ],
    [
      4096,
      7991.891975804796,
      0.5125194400025066
    ],
    [
      8192,
      15831.411973866178,
      0.5174522660090588
    ],
    [
      16384,
      32201.597028638942,
      0.5087946410058066
    ]
  ],
  "name": "Kmeans Numba",
  "randseed": 7777777,
  "repeat": 5,
  "sizes": 5,
  "step": 2
}