{
  "metrics": [
    [
      65536,
      1524.2971437348308,
      42.994241817854345
    ]
  ],
  "name": "Gpairs Dppy kernel",
  "repeat": 40,
  "sizes": 1,
  "step": 2
}